0,A
1,AA
2,AAPL
3,ABC
5,ACAS
7,ADBE
8,ADI
9,ADM
10,ADP
11,ADSK
12,AEE
13,AEP
14,AES
15,AET
16,AFL
17,AGN
18,AIG
19,AIV
20,AIZ
22,AKS
23,ALL
24,ALTR
25,AMAT
26,AMD
27,AMGN
28,AMP
29,AMT
30,AMZN
32,ANF
33,ANTM
34,AON
35,APA
36,APC
37,APD
38,APH
39,APOL
40,ATI
41,AVB
42,AVP
43,AVY
44,AXP
45,AZO
46,BA
47,BAC
48,BAX
49,BBBY
50,BBT
51,BBY
52,BCR
54,BDX
56,BEN
57,BF-B
58,BHI
59,BIG
60,BIIB
61,BK
62,BLL
64,BMS
65,BMY
67,BSX
68,BTU
69,BXP
70,C
71,CA
72,CAG
73,CAH
75,CAT
76,CB
78,CBG
79,CBS
80,CCE
81,CCL
83,CELG
84,CF
85,CHK
86,CHRW
87,CI
88,CIEN
89,CINF
91,CL
92,CLX
93,CMA
94,CMCSA
95,CME
96,CMI
97,CMS
98,CNP
100,COF
101,COG
102,COH
103,COL
104,COP
105,COST
106,CPB
108,CRM
109,CSC
110,CSCO
111,CSX
112,CTAS
113,CTL
114,CTSH
116,CTXS
117,CVG
119,CVS
120,CVX
121,D
122,DD
123,DDR
126,DF
127,DFS
128,DGX
129,DHI
130,DHR
131,DIS
132,DNB
133,DOV
134,DOW
135,DPS
136,DRI
137,DTE
138,DUK
139,DVA
140,DVN
142,EA
143,EBAY
144,ECL
145,ED
146,EFX
147,EIX
148,EL
149,EMC
150,EMN
151,EMR
152,EOG
153,EQR
154,EQT
155,ESRX
156,ESV
157,ETFC
158,ETN
159,ETR
160,EXC
161,EXPD
162,EXPE
163,F
164,FAST
165,FCX
166,FDX
167,FE
168,FHN
169,FII
170,FIS
171,FISV
172,FITB
173,FLIR
174,FLR
175,FLS
176,FOXA
178,FTR
181,GD
182,GE
183,GHC
184,GILD
185,GIS
186,GLW
188,GME
189,GNW
190,GOOG
191,GOOGL
192,GPC
193,GPS
194,GR
195,GS
196,GT
197,GWW
198,HAL
199,HAR
200,HAS
201,HBAN
202,HCP
203,HD
204,HES
205,HIG
207,HOG
208,HON
209,HOT
211,HRB
212,HRS
214,HST
215,HSY
216,HUM
217,IBM
218,ICE
219,IFF
220,IGT
222,INTC
224,IP
225,IPG
226,IR
227,ISRG
229,ITW
230,IVZ
231,JBL
232,JCI
234,JEC
235,JNJ
236,JNPR
237,JNS
239,JPM
240,JWN
241,K
242,KBH
243,KEY
245,KIM
246,KLAC
247,KMB
248,KO
249,KR
250,KSS
251,L
252,LB
253,LEG
254,LEN
255,LH
257,LLL
258,LLTC
259,LLY
260,LM
261,LMT
262,LNC
263,LOW
265,LUK
266,LUV
267,LXK
268,M
269,MA
270,MAR
271,MAS
272,MAT
274,MCD
275,MCHP
276,MCK
277,MCO
278,MDLZ
279,MDP
280,MDT
282,MET
283,MHFI
284,MIL
285,MKC
286,MMC
287,MMM
288,MO
290,MON
291,MRK
292,MRO
293,MS
294,MSFT
295,MSI
296,MTB
297,MTW
298,MU
299,MUR
300,MWW
301,MYL
302,NBL
303,NBR
304,NDAQ
305,NE
307,NEM
308,NI
309,NKE
310,NOC
311,NOV
312,NSC
314,NTAP
315,NTRS
316,NUE
317,NVDA
319,NWL
320,NYT
322,ODP
323,OI
324,OMC
325,ORCL
326,OXY
327,PAYX
328,PBCT
329,PBI
330,PCAR
331,PCG
332,PCL
334,PDCO
335,PEG
336,PEP
337,PFE
338,PFG
339,PG
341,PGR
342,PH
343,PHM
344,PKI
345,PLD
346,PM
347,PNC
348,PNW
350,PPG
352,PRU
353,PSA
354,PX
355,PXD
357,QCOM
358,QLGC
359,R
360,RAI
361,RDC
362,RF
363,RHI
364,RL
366,ROK
367,RRC
368,RRD
369,RSG
370,RTN
371,S
372,SBUX
373,SCG
374,SCHW
375,SE
376,SEE
378,SHLD
379,SHW
381,SJM
382,SLB
383,SLM
384,SNA
385,SNDK
386,SNI
387,SO
389,SPG
390,SPLS
391,SPY
392,SRCL
393,SRE
394,STI
395,STJ
396,STR
398,STZ
400,SUNE
401,SVU
402,SWK
403,SWN
404,SYK
405,SYMC
406,SYY
407,T
408,TAP
409,TDC
410,TE
411,TEL
412,TER
413,TGT
414,THC
416,TIF
417,TJX
419,TMK
420,TMO
421,TROW
422,TRV
423,TSN
424,TSO
425,TSS
426,TWX
427,TXN
428,TXT
429,TYC
430,UNH
431,UNM
432,UNP
433,UPS
434,USB
436,UTX
437,VAR
438,VFC
439,VIAB
440,VIAV
441,VLO
442,VMC
443,VNO
444,VRSN
445,VZ
446,WAT
447,WBA
448,WEC
449,WFC
450,WFM
451,WFT
452,WHR
453,WIN
454,WM
455,WMB
456,WMT
458,WY
459,WYN
460,WYNN
461,X
462,XEL
463,XL
464,XLNX
465,XOM
466,XRAY
467,XRX
468,YHOO
469,YUM
470,ZBH
471,ZION